{"cameraMode":{"drawMode":0,"name":"Shaded","section":"Shading Mode"},"sceneLighting":true,"audioPlay":false,"sceneViewState":{"m_AlwaysRefresh":false,"showFog":true,"showSkybox":true,"showFlares":true,"showImageEffects":true,"showParticleSystems":true,"showVisualEffectGraphs":true,"m_FxEnabled":true},"in2DMode":false,"pivot":{"x":15.420053482055664,"y":15.159810066223145,"z":-8.812395095825196},"rotation":{"x":-0.00869531650096178,"y":0.00569661520421505,"z":-0.00018201635975856334,"w":1.0000332593917847},"size":19.62220001220703,"orthographic":false}