{"cameraMode":{"drawMode":0,"name":"Shaded","section":"Shading Mode"},"sceneLighting":true,"audioPlay":false,"sceneViewState":{"m_AlwaysRefresh":false,"showFog":true,"showSkybox":true,"showFlares":true,"showImageEffects":true,"showParticleSystems":true,"showVisualEffectGraphs":true,"m_FxEnabled":true},"in2DMode":false,"pivot":{"x":-50.372074127197269,"y":84.81855773925781,"z":-52.61951446533203},"rotation":{"x":-0.0013333344832062722,"y":0.8958266377449036,"z":-0.44439423084259035,"w":-0.0026876262854784729},"size":32.02983856201172,"orthographic":false}